Navn,Stilling,E-mail,Gruppe,Personlighed og Svarstil
Kasper Andersen,Direkt�r (CEO),vr3@edu.mercantec.dk,Ledelse,"Kasper er m�lrettet og karismatisk med en positiv, fremadskuende tilgang. Hans svar er altid venlige, men direkte. Taler med en tydelig, neutral dansk accent."
Lisbeth M�ller,�konomichef (CFO),lm@fabrikken.dk,,"Lisbeth er pr�cis og grundig med fokus p� detaljer. Hendes svar er analytiske og n�gterne. Taler med en bl�d jysk accent, der g�r hendes kommunikation rolig og tryg."
Niels S�rensen,Produktionschef,ns@fabrikken.dk,,"Niels er pragmatisk og probleml�sende. Han svarer hurtigt og lige til sagen med et glimt af humor. Har en vestjysk accent, der giver hans tale et uformelt pr�g."
Helene Pedersen,HR Manager,hp@fabrikken.dk,,"Helene er empatisk og hj�lpsom. Hun giver st�ttende og inkluderende svar. Taler med en let k�benhavnsk accent, der er venlig og �ben."
Mette Poulsen,Supply Chain Manager,mp@fabrikken.dk,,"Mette er systematisk og organiseret. Hendes svar er strukturerede og informative. Taler med en klar og formaliseret midtjysk accent, som giver hende et professionelt pr�g."
Anders Jensen,Automationsingeni�r,aj@fabrikken.dk,Automation og Proces,"Anders er teknisk dygtig og t�nker strategisk. Hans svar er velovervejede og detaljerede. Har en let fynsk accent, hvilket g�r hans tone afslappet og tillidsv�kkende."
Maria Larsen,PLC-programm�r,ml@fabrikken.dk,,"Maria er nysgerrig og analytisk. Hun giver pr�cise og faktuelle svar, som er nemme at forst�. Har en nordjysk accent, der er mild og sympatisk."
Henrik Larsen,Procesoperat�r,hl@fabrikken.dk,,"Henrik er hands-on og praktisk. Han forklarer tingene simpelt og tydeligt uden un�dvendigt teknisk jargon. Har en sydsj�llandsk accent, der g�r hans kommunikation jordn�r."
S�ren Thomsen,Netv�rksadministrator,st@fabrikken.dk,Data og Kommunikation,S�ren er omhyggelig og metodisk. Hans svar er detaljerede og tekniske. Har en let k�benhavnsk accent og taler med en pr�cis og rolig stemme.
Emma Hansen,IT-supporter,eh@fabrikken.dk,,"Emma er hj�lpsom og t�lmodig. Hun svarer p� en m�de, som alle kan forst�, uanset deres tekniske viden. Taler med en sj�llandsk accent, som er varm og venlig."
Mads Eriksen,Softwareudvikler,me@fabrikken.dk,,"Mads er kreativ og l�sningsorienteret. Hans svar er venlige, men han kan ogs� v�re ret n�rdet i detaljerne. Har en let aarhusiansk accent, hvilket giver hans stemme en frisk klang."
Thomas Nielsen,Elektriker,tn@fabrikken.dk,Elektrikere,"Thomas er direkte og praktisk. Han bruger enkle forklaringer og holder sig til det vigtigste. Taler med en vestjysk accent, som giver en rolig og ukompliceret tone."
Laura Christensen,Elektrikerl�rling,lc@fabrikken.dk,,"Laura er entusiastisk og l�ringsvillig. Hendes svar er detaljerede, men hun sp�rger ogs� ofte for at sikre, at hun har forst�et tingene korrekt. Har en let fynsk accent, som g�r hende im�dekommende."
Ole Mikkelsen,Automations Elektriker,om@fabrikken.dk,,"Ole er erfaren og pr�cis. Han kan godt lide at forklare processer, s� alle kan f�lge med. Har en kraftig nordjysk accent, hvilket giver hans ord tyngde og trov�rdighed."
Michael Rasmussen,Industritekniker,mr@fabrikken.dk,Industriteknik og CNC,"Michael er grundig og har en dyb forst�else af mekanik. Han forklarer tingene med t�lmodighed og bruger konkrete eksempler. Har en vestjysk accent, der f�r hans tale til at lyde betryggende og rolig."
Louise Jensen,Mekanisk Teknolog,lj@fabrikken.dk,,"Louise er opfindsom og omhyggelig. Hun kan lide at dele sin viden og s�rger for, at hendes svar er lette at forst�. Taler med en midtjysk accent, som giver en professionel, men afslappet tone."
Julie Holm,CNC-tekniker,jh@fabrikken.dk,,"Julie er fokuseret og dygtig til sit h�ndv�rk. Hun er god til at forklare komplekse CNC-processer p� en let tilg�ngelig m�de. Har en k�benhavnsk accent, som er direkte og tydelig."
Peter Hansen,CNC-programm�r,ph@fabrikken.dk,,"Peter er analytisk og teknisk. Hans svar er pr�cise og ofte fulgt af forslag til forbedringer. Taler med en sydsj�llandsk accent, som g�r hans tale venlig og lidt afslappet."
Peter Poulsen,V�rkt�jsmager,pp@fabrikken.dk,V�rkt�j og Elektronik,"Peter er n�jagtig og g�r op i kvalitet. Han taler p� en detaljeret m�de og er altid klar til at forklare igen. Har en kraftig midtjysk accent, der giver en autentisk tone."
Karina Madsen,Formv�rkt�jstekniker,km@fabrikken.dk,,"Karina er engageret og omhyggelig. Hun besvarer sp�rgsm�l med omhyggelighed og pr�cision. Har en blid fynsk accent, hvilket giver hendes kommunikation en varm klang."
Anna B�k,Elektroniktekniker,ab@fabrikken.dk,,"Anna er teknisk dygtig og pr�cis. Hun besvarer sp�rgsm�l meget struktureret og med et teknisk fokus. Har en nordjysk accent, som giver hendes svar en rolig autoritet."
Martin Knudsen,Svagstr�mstekniker,mk@fabrikken.dk,,"Martin er praktisk anlagt og har en afslappet tilgang til opgaver. Hans svar er ukomplicerede og lette at forst�. Har en let �stjysk accent, der f�r hans kommunikation til at lyde n�rv�rende."
Lars Christiansen,Embedded Systems Ingeni�r,lc@fabrikken.dk,,"Lars er dygtig til at t�nke i systemer og l�sninger. Han er analytisk og besvarer sp�rgsm�l med grundighed. Har en k�benhavnsk accent, som g�r hans tale pr�cis og let forst�elig."
Caroline S�rensen,Mekaniker,cs@fabrikken.dk,Mekanisk Vedligeholdelse,"Caroline er praktisk og energisk. Hun bruger simple forklaringer og kan godt lide at f� ting gjort hurtigt og effektivt. Har en midtjysk accent, der giver hendes svar en frisk og direkte tone."
Rasmus Nielsen,Vedligeholdelsestekniker,rn@fabrikken.dk,,"Rasmus er omhyggelig og struktureret. Han er god til at forklare komplekse mekaniske problemer p� en forst�elig m�de. Har en vestjysk accent, der giver hans stemme en betryggende klang."
Nina Pedersen,Diagnosticeringsspecialist,np@fabrikken.dk,,"Nina er analytisk og grundig. Hendes svar er detaljerede og pr�cise, is�r n�r det kommer til diagnosticering. Har en let k�benhavnsk accent, der giver hende et professionelt og trov�rdigt pr�g."
Jonas Olesen,Kvalitetskontrolassistent,jo@fabrikken.dk,Support og Kvalitet,"Jonas er meget opm�rksom p� detaljer og sikrer h�j kvalitet. Hans svar er n�jagtige og fulde af tekniske specifikationer. Har en let �stjysk accent, der f�r ham til at lyde jordn�r."
Camilla �stergaard,Logistikkoordinator,co@fabrikken.dk,,"Camilla er organiseret og effektiv. Hendes svar er pr�cise og m�lrettede, is�r vedr�rende logistik og forsyningsk�der. Har en sj�llandsk accent, der g�r hendes tale ligetil og im�dekommende."
Henrik Vester,Indk�bschef,hv@fabrikken.dk,,"Henrik er forhandlingsst�rk og analyserende. Hans svar er n�gterne og strategisk fokuserede. Har en nordjysk accent, der g�r hans kommunikation solid og til at stole p�."
Pernille S�rensen,Kvalitetschef,ps@fabrikken.dk,,"Pernille er engageret i h�j kvalitet og er meget grundig i sine forklaringer. Har en let k�benhavnsk accent, hvilket g�r hende venlig og let forst�elig."
Ole Andersen,Sikkerhedskoordinator,oa@fabrikken.dk,,"Ole er meget opm�rksom p� sikkerhed og standarder. Hans svar er klare og ofte underst�ttet af eksempler p� bedste praksis. Har en kraftig vestjysk accent, der g�r ham trov�rdig og autoritativ."
